2020-05-25 00:00:00,17.31215,17.31045,17.31245,17.30945
2020-05-25 00:01:00,17.31025,17.30925,17.31025,17.30875
2020-05-25 00:02:00,17.30955,17.31205,17.31265,17.30925
2020-05-25 00:03:00,17.31185,17.31115,17.31255,17.31115
2020-05-25 00:04:00,17.31115,17.31342,17.31342,17.31105
2020-05-25 00:05:00,17.31342,17.31382,17.31382,17.31342
2020-05-25 00:06:00,17.31382,17.31382,17.31382,17.31382
2020-05-25 00:07:00,17.31575,17.31412,17.31575,17.31382
2020-05-25 00:08:00,17.31412,17.31552,17.31795,17.31412
2020-05-25 00:09:00,17.31552,17.31642,17.31805,17.31552
2020-05-25 00:10:00,17.31642,17.31302,17.31642,17.31232
2020-05-25 00:11:00,17.31302,17.31222,17.31302,17.31112
2020-05-25 00:12:00,17.31352,17.31242,17.31392,17.31202
2020-05-25 00:13:00,17.31252,17.31232,17.31302,17.30992
2020-05-25 00:14:00,17.31202,17.31122,17.31202,17.31102
2020-05-25 00:15:00,17.31122,17.31242,17.31302,17.31032
2020-05-25 00:16:00,17.31242,17.31205,17.31302,17.31162
2020-05-25 00:17:00,17.31175,17.31115,17.31185,17.30995
2020-05-25 00:18:00,17.31145,17.31302,17.31302,17.31145
2020-05-25 00:19:00,17.31302,17.31302,17.31372,17.31292
2020-05-25 00:20:00,17.31322,17.31322,17.31362,17.31322
2020-05-25 00:21:00,17.31362,17.31322,17.31382,17.31322
2020-05-25 00:22:00,17.31282,17.31302,17.31472,17.31282
2020-05-25 00:23:00,17.31302,17.29682,17.31425,17.29482
2020-05-25 00:24:00,17.29732,17.29325,17.29885,17.29082
2020-05-25 00:25:00,17.29355,17.29112,17.29452,17.29112
2020-05-25 00:26:00,17.29112,17.28042,17.29202,17.27785
2020-05-25 00:27:00,17.28042,17.29182,17.29322,17.28042
2020-05-25 00:28:00,17.29382,17.28992,17.29382,17.28882
2020-05-25 00:29:00,17.29032,17.28972,17.29102,17.28852
2020-05-25 00:30:00,17.28972,17.29232,17.29232,17.28972
2020-05-25 00:31:00,17.29232,17.29232,17.29322,17.29232
2020-05-25 00:32:00,17.29232,17.29372,17.29372,17.29232
2020-05-25 00:33:00,17.29372,17.29252,17.29372,17.29252
2020-05-25 00:34:00,17.29252,17.29332,17.29372,17.29192
2020-05-25 00:35:00,17.29332,17.29452,17.29582,17.29302
2020-05-25 00:36:00,17.29452,17.29312,17.29642,17.29252
2020-05-25 00:37:00,17.29312,17.29192,17.29382,17.28692
2020-05-25 00:38:00,17.29232,17.29572,17.29572,17.28882
2020-05-25 00:39:00,17.29572,17.29682,17.29682,17.29572
2020-05-25 00:40:00,17.29682,17.29922,17.29922,17.29682
2020-05-25 00:41:00,17.29922,17.29922,17.30102,17.29922
2020-05-25 00:42:00,17.30022,17.29922,17.30092,17.29922
2020-05-25 00:43:00,17.29922,17.29922,17.29922,17.29912
2020-05-25 00:44:00,17.29922,17.29922,17.29922,17.29922
2020-05-25 00:45:00,17.29922,17.29922,17.29922,17.29922
2020-05-25 00:46:00,17.29922,17.29895,17.29922,17.29885
2020-05-25 00:47:00,17.29885,17.29922,17.29922,17.29755
2020-05-25 00:48:00,17.29922,17.29735,17.29922,17.29502
2020-05-25 00:49:00,17.29765,17.29705,17.29922,17.29422
2020-05-25 00:50:00,17.29715,17.29845,17.29922,17.29625
2020-05-25 00:51:00,17.29845,17.29795,17.29905,17.29735
2020-05-25 00:52:00,17.29795,17.29985,17.29995,17.29795
2020-05-25 00:53:00,17.29985,17.30065,17.30102,17.29865
2020-05-25 00:54:00,17.30095,17.29675,17.30102,17.29675
2020-05-25 00:55:00,17.29735,17.29735,17.29765,17.29362
2020-05-25 00:56:00,17.29795,17.29695,17.29825,17.29655
2020-05-25 00:57:00,17.29695,17.29705,17.29735,17.29535
2020-05-25 00:58:00,17.29695,17.29295,17.29895,17.29295
2020-05-25 00:59:00,17.29325,17.29555,17.29725,17.29235
2020-05-25 01:00:00,17.29575,17.28175,17.29585,17.28005
2020-05-25 01:01:00,17.28175,17.28015,17.28335,17.27485
2020-05-25 01:02:00,17.28005,17.28722,17.28722,17.27985
2020-05-25 01:03:00,17.28692,17.28492,17.28722,17.28392
2020-05-25 01:04:00,17.28492,17.28522,17.28722,17.28392
2020-05-25 01:05:00,17.28522,17.28232,17.28522,17.27492
2020-05-25 01:06:00,17.28232,17.27982,17.28232,17.27495
2020-05-25 01:07:00,17.27982,17.28232,17.28232,17.27982
2020-05-25 01:08:00,17.28232,17.28312,17.28375,17.28232
2020-05-25 01:09:00,17.28312,17.28802,17.28802,17.28312
2020-05-25 01:10:00,17.28802,17.28942,17.28982,17.28802
2020-05-25 01:11:00,17.28942,17.28872,17.28982,17.28735
2020-05-25 01:12:00,17.28852,17.28715,17.28855,17.28345
2020-05-25 01:13:00,17.28755,17.27995,17.28762,17.27825
2020-05-25 01:14:00,17.27925,17.27685,17.28075,17.27555
2020-05-25 01:15:00,17.27685,17.27152,17.27685,17.27055
2020-05-25 01:16:00,17.27132,17.27452,17.27452,17.27122
2020-05-25 01:17:00,17.27452,17.27452,17.27545,17.27452
2020-05-25 01:18:00,17.27402,17.27452,17.27515,17.27305
2020-05-25 01:19:00,17.27452,17.27392,17.27452,17.27045
2020-05-25 01:20:00,17.27392,17.27215,17.27402,17.27165
2020-05-25 01:21:00,17.27055,17.26775,17.27055,17.26472
2020-05-25 01:22:00,17.26775,17.26775,17.26852,17.26765
2020-05-25 01:23:00,17.26765,17.26852,17.26852,17.26752
2020-05-25 01:24:00,17.26852,17.26912,17.26912,17.26852
2020-05-25 01:25:00,17.26912,17.26912,17.26912,17.26482
2020-05-25 01:26:00,17.26912,17.26802,17.26912,17.26782
2020-05-25 01:27:00,17.26852,17.26912,17.26912,17.26762
2020-05-25 01:28:00,17.26912,17.26912,17.26912,17.26872
2020-05-25 01:29:00,17.26902,17.27242,17.27242,17.26872
2020-05-25 01:30:00,17.27242,17.26845,17.27432,17.26755
2020-05-25 01:31:00,17.26845,17.27062,17.27112,17.26742
2020-05-25 01:32:00,17.27052,17.27242,17.27282,17.26992
2020-05-25 01:33:00,17.27242,17.27192,17.27282,17.27092
2020-05-25 01:34:00,17.27192,17.27282,17.27282,17.27182
2020-05-25 01:35:00,17.27282,17.27282,17.27342,17.27282
2020-05-25 01:36:00,17.27282,17.27552,17.27552,17.27282
2020-05-25 01:37:00,17.27552,17.27502,17.27562,17.27252
2020-05-25 01:38:00,17.27422,17.27542,17.27542,17.27322
2020-05-25 01:39:00,17.27552,17.27572,17.27602,17.27422
2020-05-25 01:40:00,17.27582,17.27592,17.27642,17.27472
2020-05-25 01:41:00,17.27602,17.27562,17.27682,17.27442
2020-05-25 01:42:00,17.27562,17.27522,17.27602,17.27372
2020-05-25 01:43:00,17.27552,17.27602,17.27602,17.27552
2020-05-25 01:44:00,17.27602,17.27872,17.27912,17.27602
2020-05-25 01:45:00,17.27812,17.27902,17.27972,17.27812
2020-05-25 01:46:00,17.27902,17.27502,17.27902,17.27422
2020-05-25 01:47:00,17.27512,17.27572,17.27572,17.27422
2020-05-25 01:48:00,17.27572,17.27152,17.27572,17.27082
2020-05-25 01:49:00,17.27152,17.27152,17.27232,17.27042
2020-05-25 01:50:00,17.27152,17.27232,17.27232,17.27052
2020-05-25 01:51:00,17.27352,17.27232,17.27352,17.27232
2020-05-25 01:52:00,17.27232,17.27572,17.27572,17.27232
2020-05-25 01:53:00,17.27572,17.27772,17.27772,17.27572
2020-05-25 01:54:00,17.27772,17.27772,17.27812,17.27602
2020-05-25 01:55:00,17.27732,17.27795,17.27832,17.27732
2020-05-25 01:56:00,17.27795,17.27832,17.27852,17.27612
2020-05-25 01:57:00,17.27832,17.27712,17.27832,17.27672
2020-05-25 01:58:00,17.27772,17.27602,17.27802,17.27602
2020-05-25 01:59:00,17.27602,17.27672,17.27702,17.27572
2020-05-25 02:00:00,17.27602,17.27502,17.27702,17.27492
2020-05-25 02:01:00,17.27592,17.27612,17.27622,17.27522
2020-05-25 02:02:00,17.27612,17.27612,17.27612,17.27612
2020-05-25 02:03:00,17.27612,17.27582,17.27612,17.27582
2020-05-25 02:04:00,17.27582,17.27582,17.27582,17.27582
2020-05-25 02:05:00,17.27582,17.27222,17.27582,17.27102
2020-05-25 02:06:00,17.27222,17.27222,17.27222,17.27192
2020-05-25 02:07:00,17.27222,17.26872,17.27222,17.26732
2020-05-25 02:08:00,17.26872,17.26872,17.26872,17.26782
2020-05-25 02:09:00,17.26872,17.26872,17.26872,17.26852
2020-05-25 02:10:00,17.26872,17.27032,17.27032,17.26872
2020-05-25 02:11:00,17.27032,17.27082,17.27282,17.26822
2020-05-25 02:12:00,17.27082,17.27442,17.27622,17.27082
2020-05-25 02:13:00,17.27442,17.27442,17.27602,17.27292
2020-05-25 02:14:00,17.27292,17.27442,17.27612,17.27192
2020-05-25 02:15:00,17.27442,17.27442,17.27442,17.27442
2020-05-25 02:16:00,17.27442,17.27442,17.27442,17.27442
2020-05-25 02:17:00,17.27442,17.27582,17.27752,17.27442
2020-05-25 02:18:00,17.27582,17.27612,17.27612,17.27582
2020-05-25 02:19:00,17.27612,17.27812,17.27952,17.27612
2020-05-25 02:20:00,17.27812,17.27812,17.27982,17.27812
2020-05-25 02:21:00,17.27812,17.27812,17.27812,17.27812
2020-05-25 02:22:00,17.27812,17.28132,17.28132,17.27812
2020-05-25 02:23:00,17.28132,17.28132,17.28132,17.28132
2020-05-25 02:24:00,17.28132,17.28132,17.28132,17.28132
2020-05-25 02:25:00,17.28132,17.28302,17.28502,17.28132
2020-05-25 02:26:00,17.28282,17.28502,17.28502,17.28262
2020-05-25 02:27:00,17.28502,17.28682,17.28682,17.28502
2020-05-25 02:28:00,17.28782,17.28682,17.28782,17.28512
2020-05-25 02:29:00,17.28682,17.28782,17.28782,17.28682
2020-05-25 02:30:00,17.28722,17.28602,17.28782,17.28372
2020-05-25 02:31:00,17.28612,17.28682,17.28817,17.28582
2020-05-25 02:32:00,17.28682,17.28952,17.29028,17.28682
2020-05-25 02:33:00,17.28952,17.28997,17.29152,17.28952
2020-05-25 02:34:00,17.28997,17.28972,17.28997,17.28962
2020-05-25 02:35:00,17.28972,17.28902,17.28985,17.28782
2020-05-25 02:36:00,17.28902,17.28772,17.28942,17.28482
2020-05-25 02:37:00,17.28752,17.28495,17.28772,17.28305
2020-05-25 02:38:00,17.28495,17.28635,17.28872,17.28405
2020-05-25 02:39:00,17.28635,17.28745,17.28772,17.28415
2020-05-25 02:40:00,17.28702,17.28752,17.28802,17.28655
2020-05-25 02:41:00,17.28782,17.28782,17.28782,17.28782
2020-05-25 02:42:00,17.28782,17.28782,17.28782,17.28782
2020-05-25 02:43:00,17.28782,17.28802,17.28802,17.28782
2020-05-25 02:44:00,17.28802,17.28802,17.28932,17.28802
2020-05-25 02:45:00,17.28802,17.28802,17.28802,17.28802
2020-05-25 02:46:00,17.28802,17.28802,17.28802,17.28802
2020-05-25 02:47:00,17.28802,17.28532,17.28802,17.28502
2020-05-25 02:48:00,17.28532,17.28732,17.28732,17.28532
2020-05-25 02:49:00,17.28732,17.28732,17.28822,17.28512
2020-05-25 02:50:00,17.28732,17.28732,17.28732,17.28732
2020-05-25 02:51:00,17.28732,17.29052,17.29052,17.28732
2020-05-25 02:52:00,17.29052,17.29182,17.29302,17.29052
2020-05-25 02:53:00,17.29182,17.28962,17.29182,17.28592
2020-05-25 02:54:00,17.28962,17.28962,17.28962,17.28952
2020-05-25 02:55:00,17.28962,17.28962,17.28962,17.28962
2020-05-25 02:56:00,17.28962,17.29282,17.29282,17.28962
2020-05-25 02:57:00,17.29282,17.29282,17.29282,17.29282
2020-05-25 02:58:00,17.29282,17.29282,17.29282,17.29282
2020-05-25 02:59:00,17.29282,17.29322,17.29322,17.29282
2020-05-25 03:00:00,17.29322,17.29322,17.29322,17.29322
2020-05-25 03:01:00,17.29322,17.29165,17.29322,17.29075
2020-05-25 03:02:00,17.29322,17.29122,17.29322,17.28855
2020-05-25 03:03:00,17.29112,17.28872,17.29112,17.28602
2020-05-25 03:04:00,17.28842,17.29002,17.29002,17.28682
2020-05-25 03:05:00,17.29002,17.28802,17.29002,17.28802
2020-05-25 03:06:00,17.28782,17.28622,17.28812,17.28542
2020-05-25 03:07:00,17.28492,17.28642,17.28712,17.28482
2020-05-25 03:08:00,17.28532,17.28372,17.28702,17.28242
2020-05-25 03:09:00,17.28362,17.28862,17.28862,17.28362
2020-05-25 03:10:00,17.28862,17.28862,17.28862,17.28762
2020-05-25 03:11:00,17.28862,17.28482,17.28862,17.28482
2020-05-25 03:12:00,17.28482,17.28722,17.28862,17.28482
2020-05-25 03:13:00,17.28732,17.28582,17.28732,17.28412
2020-05-25 03:14:00,17.28582,17.28792,17.28792,17.28582
2020-05-25 03:15:00,17.28792,17.28732,17.28792,17.28382
2020-05-25 03:16:00,17.28592,17.28732,17.28872,17.28592
2020-05-25 03:17:00,17.28732,17.28862,17.28862,17.28732
2020-05-25 03:18:00,17.28862,17.29002,17.29002,17.28862
2020-05-25 03:19:00,17.29002,17.29002,17.29002,17.28972
2020-05-25 03:20:00,17.29002,17.28965,17.29002,17.28895
2020-05-25 03:21:00,17.29002,17.28705,17.29002,17.28705
2020-05-25 03:22:00,17.28725,17.28492,17.28795,17.28392
2020-05-25 03:23:00,17.28412,17.28505,17.28555,17.28322
2020-05-25 03:24:00,17.28505,17.28642,17.28642,17.28505
2020-05-25 03:25:00,17.28642,17.28712,17.28712,17.28635
2020-05-25 03:26:00,17.28712,17.28932,17.28932,17.28652
2020-05-25 03:27:00,17.28932,17.28932,17.28972,17.28862
2020-05-25 03:28:00,17.28932,17.28932,17.28932,17.28932
2020-05-25 03:29:00,17.28932,17.29002,17.29002,17.28932
2020-05-25 03:30:00,17.29002,17.29002,17.29002,17.29002
2020-05-25 03:31:00,17.29002,17.28962,17.29002,17.28962
2020-05-25 03:32:00,17.28952,17.28892,17.29002,17.28892
2020-05-25 03:33:00,17.28892,17.29002,17.29002,17.28892
2020-05-25 03:34:00,17.29002,17.28982,17.29002,17.28852
2020-05-25 03:35:00,17.28982,17.28982,17.28982,17.28982
2020-05-25 03:36:00,17.28982,17.28982,17.29152,17.28982
2020-05-25 03:37:00,17.28982,17.29002,17.29002,17.28982
2020-05-25 03:38:00,17.29002,17.29002,17.29002,17.28962
2020-05-25 03:39:00,17.29002,17.28692,17.29002,17.28612
2020-05-25 03:40:00,17.28632,17.28772,17.28832,17.28632
2020-05-25 03:41:00,17.28772,17.28712,17.28812,17.28592
2020-05-25 03:42:00,17.28762,17.28482,17.28762,17.28312
2020-05-25 03:43:00,17.28552,17.28662,17.28662,17.28412
2020-05-25 03:44:00,17.28652,17.28762,17.28762,17.28652
2020-05-25 03:45:00,17.28745,17.28762,17.28932,17.28682
2020-05-25 03:46:00,17.28762,17.28812,17.28812,17.28755
2020-05-25 03:47:00,17.28812,17.28822,17.28902,17.28662
2020-05-25 03:48:00,17.28902,17.28852,17.28902,17.28782
2020-05-25 03:49:00,17.28825,17.28632,17.28902,17.28632
2020-05-25 03:50:00,17.28722,17.28522,17.28742,17.28522
2020-05-25 03:51:00,17.28662,17.28652,17.28722,17.28562
2020-05-25 03:52:00,17.28642,17.28712,17.28712,17.28542
2020-05-25 03:53:00,17.28702,17.28602,17.28722,17.28542
2020-05-25 03:54:00,17.28542,17.28702,17.28702,17.28472
2020-05-25 03:55:00,17.28732,17.28662,17.28762,17.28662
2020-05-25 03:56:00,17.28662,17.28692,17.28692,17.28602
2020-05-25 03:57:00,17.28702,17.28775,17.28782,17.28702
2020-05-25 03:58:00,17.28775,17.28782,17.28782,17.28775
2020-05-25 03:59:00,17.28782,17.28985,17.29002,17.28782
2020-05-25 04:00:00,17.28902,17.28912,17.28912,17.28722
2020-05-25 04:01:00,17.28912,17.28912,17.28912,17.28912
2020-05-25 04:02:00,17.28912,17.28912,17.28912,17.28912
2020-05-25 04:03:00,17.28912,17.28912,17.28912,17.28912
2020-05-25 04:04:00,17.28952,17.28952,17.28952,17.28952
2020-05-25 04:05:00,17.28952,17.28952,17.28952,17.28952
2020-05-25 04:06:00,17.28952,17.28952,17.28952,17.28952
2020-05-25 04:07:00,17.28952,17.28952,17.28952,17.28952
2020-05-25 04:08:00,17.28952,17.28952,17.28952,17.28952
2020-05-25 04:09:00,17.28952,17.28952,17.28952,17.28952
2020-05-25 04:10:00,17.28952,17.28952,17.28952,17.28952
2020-05-25 04:11:00,17.28952,17.28772,17.28952,17.28772
2020-05-25 04:12:00,17.28762,17.28762,17.28822,17.28622
2020-05-25 04:13:00,17.28752,17.28662,17.28762,17.28472
2020-05-25 04:14:00,17.28652,17.28472,17.28652,17.28372
2020-05-25 04:15:00,17.28462,17.28422,17.28512,17.28272
2020-05-25 04:16:00,17.28362,17.28302,17.28362,17.28302
2020-05-25 04:17:00,17.28302,17.28122,17.28302,17.27992
2020-05-25 04:18:00,17.28122,17.28092,17.28222,17.28042
2020-05-25 04:19:00,17.28072,17.28142,17.28142,17.27832
2020-05-25 04:20:00,17.28142,17.28112,17.28142,17.27952
2020-05-25 04:21:00,17.28112,17.28422,17.28602,17.28112
2020-05-25 04:22:00,17.28422,17.28422,17.28422,17.28402
2020-05-25 04:23:00,17.28422,17.28762,17.28762,17.28422
2020-05-25 04:24:00,17.28712,17.28665,17.28722,17.28605
2020-05-25 04:25:00,17.28665,17.28405,17.28665,17.28405
2020-05-25 04:26:00,17.28405,17.28195,17.28502,17.28185
2020-05-25 04:27:00,17.28115,17.28062,17.28195,17.27835
2020-05-25 04:28:00,17.28062,17.27815,17.28062,17.27785
2020-05-25 04:29:00,17.27815,17.27845,17.27905,17.27412
2020-05-25 04:30:00,17.27865,17.27345,17.27945,17.27255
2020-05-25 04:31:00,17.27345,17.27265,17.27345,17.27135
2020-05-25 04:32:00,17.27245,17.27325,17.27465,17.27185
2020-05-25 04:33:00,17.27325,17.27482,17.27485,17.27315
2020-05-25 04:34:00,17.27462,17.27352,17.27462,17.27352
2020-05-25 04:35:00,17.27362,17.27342,17.27482,17.27342
2020-05-25 04:36:00,17.27302,17.26995,17.27335,17.26785
2020-05-25 04:37:00,17.27005,17.26835,17.27005,17.26715
2020-05-25 04:38:00,17.26835,17.26935,17.26985,17.26825
2020-05-25 04:39:00,17.26945,17.26875,17.26945,17.26875
2020-05-25 04:40:00,17.26895,17.26835,17.26935,17.26775
2020-05-25 04:41:00,17.26855,17.26965,17.27062,17.26835
2020-05-25 04:42:00,17.26935,17.27035,17.27062,17.26935
2020-05-25 04:43:00,17.27035,17.26945,17.27062,17.26885
2020-05-25 04:44:00,17.26885,17.26875,17.26905,17.26875
2020-05-25 04:45:00,17.26925,17.26855,17.26945,17.26715
2020-05-25 04:46:00,17.26852,17.26835,17.26865,17.26805
2020-05-25 04:47:00,17.26815,17.26855,17.26915,17.26795
2020-05-25 04:48:00,17.26855,17.26885,17.26915,17.26825
2020-05-25 04:49:00,17.26885,17.26982,17.26982,17.26862
2020-05-25 04:50:00,17.26982,17.26982,17.26982,17.26982
2020-05-25 04:51:00,17.26982,17.27272,17.27362,17.26982
2020-05-25 04:52:00,17.27282,17.27382,17.27392,17.27282
2020-05-25 04:53:00,17.27352,17.27252,17.27352,17.27152
2020-05-25 04:54:00,17.27202,17.27132,17.27292,17.27122
2020-05-25 04:55:00,17.27102,17.27192,17.27262,17.27102
2020-05-25 04:56:00,17.27202,17.27222,17.27222,17.27152
2020-05-25 04:57:00,17.27222,17.27182,17.27222,17.26902
2020-05-25 04:58:00,17.27162,17.27162,17.27182,17.27152
2020-05-25 04:59:00,17.27152,17.27062,17.27152,17.27022
2020-05-25 05:00:00,17.27062,17.27002,17.27062,17.26882
2020-05-25 05:01:00,17.26992,17.27012,17.27062,17.26962
2020-05-25 05:02:00,17.27022,17.27062,17.27162,17.26862
2020-05-25 05:03:00,17.27062,17.27062,17.27142,17.27062
2020-05-25 05:04:00,17.27062,17.27182,17.27182,17.27062
2020-05-25 05:05:00,17.27162,17.27202,17.27202,17.27152
2020-05-25 05:06:00,17.27182,17.27182,17.27182,17.27182
2020-05-25 05:07:00,17.27182,17.27482,17.27482,17.27182
2020-05-25 05:08:00,17.27482,17.27462,17.27482,17.27442
2020-05-25 05:09:00,17.27482,17.27482,17.27482,17.27382
2020-05-25 05:10:00,17.27482,17.27462,17.27482,17.27442
2020-05-25 05:11:00,17.27462,17.27362,17.27462,17.27362
2020-05-25 05:12:00,17.27362,17.27482,17.27482,17.27262
2020-05-25 05:13:00,17.27482,17.27482,17.27482,17.27482
2020-05-25 05:14:00,17.27482,17.27482,17.27482,17.27482
2020-05-25 05:15:00,17.27482,17.27482,17.27482,17.27482
2020-05-25 05:16:00,17.27482,17.27482,17.27482,17.27482
2020-05-25 05:17:00,17.27482,17.27565,17.27632,17.27475
2020-05-25 05:18:00,17.27565,17.27795,17.27795,17.27495
2020-05-25 05:19:00,17.27795,17.27765,17.27865,17.27725
2020-05-25 05:20:00,17.27765,17.27785,17.27865,17.27765
2020-05-25 05:21:00,17.27805,17.27795,17.27885,17.27795
2020-05-25 05:22:00,17.27835,17.28072,17.28122,17.27715
2020-05-25 05:23:00,17.28102,17.27932,17.28172,17.27915
2020-05-25 05:24:00,17.27932,17.27932,17.27932,17.27932
2020-05-25 05:25:00,17.27932,17.27932,17.27932,17.27895
2020-05-25 05:26:00,17.27932,17.27932,17.27932,17.27915
2020-05-25 05:27:00,17.27932,17.27932,17.27932,17.27932
2020-05-25 05:28:00,17.27932,17.27745,17.27932,17.27715
2020-05-25 05:29:00,17.27882,17.27812,17.27895,17.27802
2020-05-25 05:30:00,17.27792,17.27535,17.27862,17.27535
2020-05-25 05:31:00,17.27555,17.27275,17.27605,17.27265
2020-05-25 05:32:00,17.27275,17.27212,17.27322,17.26895
2020-05-25 05:33:00,17.27162,17.26585,17.27282,17.26575
2020-05-25 05:34:00,17.26565,17.26585,17.26642,17.26405
2020-05-25 05:35:00,17.26585,17.26645,17.26645,17.26425
2020-05-25 05:36:00,17.26645,17.26705,17.26755,17.26585
2020-05-25 05:37:00,17.26705,17.26692,17.26852,17.26625
2020-05-25 05:38:00,17.26652,17.26722,17.26972,17.26622
2020-05-25 05:39:00,17.26722,17.27042,17.27082,17.26382
2020-05-25 05:40:00,17.26992,17.26002,17.26992,17.25062
2020-05-25 05:41:00,17.26002,17.26142,17.26292,17.25412
2020-05-25 05:42:00,17.26072,17.26272,17.26292,17.25595
2020-05-25 05:43:00,17.26272,17.25955,17.26382,17.25922
2020-05-25 05:44:00,17.26005,17.26022,17.26285,17.25795
2020-05-25 05:45:00,17.26062,17.25175,17.26062,17.25155
2020-05-25 05:46:00,17.25245,17.25365,17.25555,17.25042
2020-05-25 05:47:00,17.25385,17.25185,17.25525,17.25175
2020-05-25 05:48:00,17.25265,17.25245,17.25715,17.25245
2020-05-25 05:49:00,17.25255,17.24912,17.25275,17.24175
2020-05-25 05:50:00,17.24932,17.24985,17.25432,17.24242
2020-05-25 05:51:00,17.25072,17.24955,17.25072,17.24545
2020-05-25 05:52:00,17.24845,17.24875,17.25322,17.24775
2020-05-25 05:53:00,17.24955,17.25035,17.25245,17.24715
2020-05-25 05:54:00,17.25015,17.24485,17.25035,17.24485
2020-05-25 05:55:00,17.24495,17.24952,17.25222,17.24495
2020-05-25 05:56:00,17.24962,17.25252,17.25352,17.24772
2020-05-25 05:57:00,17.25372,17.25362,17.25432,17.25012
2020-05-25 05:58:00,17.25362,17.25362,17.25632,17.25222
2020-05-25 05:59:00,17.25362,17.25265,17.25432,17.25235
2020-05-25 06:00:00,17.25265,17.25155,17.25432,17.25105
2020-05-25 06:01:00,17.25185,17.25432,17.25432,17.25125
2020-05-25 06:02:00,17.25432,17.26662,17.26852,17.25432
2020-05-25 06:03:00,17.26622,17.26312,17.26682,17.26212
2020-05-25 06:04:00,17.26312,17.26302,17.26562,17.26102
2020-05-25 06:05:00,17.26282,17.26662,17.26712,17.26212
2020-05-25 06:06:00,17.26612,17.26602,17.27082,17.26392
2020-05-25 06:07:00,17.26672,17.27152,17.27262,17.26502
2020-05-25 06:08:00,17.27162,17.27155,17.27392,17.26962
2020-05-25 06:09:00,17.27022,17.27465,17.27465,17.26542
2020-05-25 06:10:00,17.27402,17.26682,17.27582,17.26492
2020-05-25 06:11:00,17.26682,17.27125,17.27255,17.26532
2020-05-25 06:12:00,17.27105,17.27355,17.27375,17.26922
2020-05-25 06:13:00,17.27355,17.27172,17.27522,17.27115
2020-05-25 06:14:00,17.27302,17.27692,17.27742,17.26992
2020-05-25 06:15:00,17.27692,17.27675,17.27782,17.27142
2020-05-25 06:16:00,17.27342,17.27365,17.27735,17.26992
2020-05-25 06:17:00,17.27372,17.27525,17.27615,17.27172
2020-05-25 06:18:00,17.27545,17.27842,17.28135,17.27375
2020-05-25 06:19:00,17.27892,17.27755,17.28102,17.27755
2020-05-25 06:20:00,17.27975,17.27845,17.28392,17.27845
2020-05-25 06:21:00,17.27765,17.27615,17.28445,17.27525
2020-05-25 06:22:00,17.27615,17.27745,17.27872,17.27385
2020-05-25 06:23:00,17.27765,17.27585,17.27765,17.27495
2020-05-25 06:24:00,17.27595,17.27685,17.27815,17.27595
2020-05-25 06:25:00,17.27685,17.27715,17.27765,17.27625
2020-05-25 06:26:00,17.27695,17.27315,17.27825,17.27305
2020-05-25 06:27:00,17.27365,17.27425,17.27675,17.27305
2020-05-25 06:28:00,17.27425,17.27235,17.27495,17.27025
2020-05-25 06:29:00,17.27265,17.27445,17.27515,17.27165
2020-05-25 06:30:00,17.27445,17.27445,17.27942,17.27195
2020-05-25 06:31:00,17.27435,17.27465,17.27495,17.27435
2020-05-25 06:32:00,17.27465,17.27342,17.27515,17.27222
2020-05-25 06:33:00,17.27352,17.27415,17.27455,17.27242
2020-05-25 06:34:00,17.27425,17.27425,17.27445,17.27405
2020-05-25 06:35:00,17.27512,17.27475,17.27512,17.27392
2020-05-25 06:36:00,17.27462,17.26635,17.27462,17.26515
2020-05-25 06:37:00,17.26645,17.26365,17.26782,17.26245
2020-05-25 06:38:00,17.26375,17.26695,17.26852,17.26365
2020-05-25 06:39:00,17.26735,17.26745,17.26805,17.26635
2020-05-25 06:40:00,17.26745,17.26942,17.26965,17.26702
2020-05-25 06:41:00,17.26962,17.26962,17.26982,17.26882
2020-05-25 06:42:00,17.26952,17.26522,17.26962,17.26522
2020-05-25 06:43:00,17.26522,17.26322,17.26522,17.26262
2020-05-25 06:44:00,17.26322,17.25802,17.26322,17.25792
2020-05-25 06:45:00,17.25772,17.25692,17.25782,17.25445
2020-05-25 06:46:00,17.25442,17.25422,17.25502,17.25215
2020-05-25 06:47:00,17.25412,17.25862,17.25912,17.25332
2020-05-25 06:48:00,17.25882,17.25305,17.25974,17.25225
2020-05-25 06:49:00,17.25275,17.25325,17.25475,17.25125
2020-05-25 06:50:00,17.25335,17.25625,17.25775,17.25335
2020-05-25 06:51:00,17.25635,17.25525,17.26005,17.25365
2020-05-25 06:52:00,17.25445,17.25822,17.25852,17.25312
2020-05-25 06:53:00,17.25822,17.25735,17.26202,17.25345
2020-05-25 06:54:00,17.25715,17.26102,17.26102,17.25525
2020-05-25 06:55:00,17.26102,17.26092,17.26172,17.25912
2020-05-25 06:56:00,17.26092,17.25742,17.26282,17.25742
2020-05-25 06:57:00,17.25752,17.25992,17.26062,17.25662
2020-05-25 06:58:00,17.25902,17.26032,17.26062,17.25832
2020-05-25 06:59:00,17.26002,17.25912,17.26022,17.25882
2020-05-25 07:00:00,17.25872,17.25662,17.25942,17.25562
2020-05-25 07:01:00,17.25662,17.26102,17.26112,17.25662
2020-05-25 07:02:00,17.26102,17.26095,17.26185,17.25952
2020-05-25 07:03:00,17.26075,17.26112,17.26152,17.26045
2020-05-25 07:04:00,17.26122,17.26012,17.26152,17.26012
2020-05-25 07:05:00,17.26012,17.26322,17.26422,17.26012
2020-05-25 07:06:00,17.26322,17.26765,17.26792,17.26322
2020-05-25 07:07:00,17.26725,17.27122,17.27132,17.26645
2020-05-25 07:08:00,17.27112,17.27342,17.27422,17.27082
2020-05-25 07:09:00,17.27312,17.27402,17.27472,17.27212
2020-05-25 07:10:00,17.27362,17.27382,17.27462,17.27145
2020-05-25 07:11:00,17.27365,17.27012,17.27422,17.26982
2020-05-25 07:12:00,17.26972,17.27055,17.27222,17.26932
2020-05-25 07:13:00,17.27055,17.26962,17.27055,17.26912
2020-05-25 07:14:00,17.26962,17.27122,17.27182,17.26892
2020-05-25 07:15:00,17.27062,17.27212,17.27332,17.27022
2020-05-25 07:16:00,17.27112,17.27162,17.27272,17.27032
2020-05-25 07:17:00,17.27102,17.27012,17.27222,17.26932
2020-05-25 07:18:00,17.27042,17.27012,17.27172,17.26902
2020-05-25 07:19:00,17.27012,17.27022,17.27102,17.26922
2020-05-25 07:20:00,17.27022,17.26912,17.27102,17.26802
2020-05-25 07:21:00,17.26922,17.27012,17.27102,17.26822
2020-05-25 07:22:00,17.27032,17.27132,17.27132,17.27022
2020-05-25 07:23:00,17.27202,17.27232,17.27312,17.27132
2020-05-25 07:24:00,17.27132,17.27122,17.27222,17.27102
2020-05-25 07:25:00,17.27162,17.27092,17.27422,17.27052
2020-05-25 07:26:00,17.27102,17.27162,17.27372,17.27102
2020-05-25 07:27:00,17.27162,17.27312,17.27332,17.27162
2020-05-25 07:28:00,17.27322,17.27322,17.27442,17.27282
2020-05-25 07:29:00,17.27322,17.27732,17.27792,17.27252
2020-05-25 07:30:00,17.27732,17.27812,17.28032,17.27732
2020-05-25 07:31:00,17.27762,17.28752,17.28842,17.27762
2020-05-25 07:32:00,17.28752,17.28152,17.28892,17.28132
2020-05-25 07:33:00,17.28152,17.28552,17.28552,17.28142
2020-05-25 07:34:00,17.28552,17.28872,17.28972,17.28552
2020-05-25 07:35:00,17.28872,17.29022,17.29052,17.28732
2020-05-25 07:36:00,17.29022,17.28842,17.29022,17.28742
2020-05-25 07:37:00,17.28852,17.28922,17.29002,17.28702
2020-05-25 07:38:00,17.28912,17.28312,17.28912,17.28232
2020-05-25 07:39:00,17.28322,17.27962,17.28462,17.27932
2020-05-25 07:40:00,17.27972,17.28872,17.28872,17.27952
2020-05-25 07:41:00,17.28872,17.28872,17.28902,17.28682
2020-05-25 07:42:00,17.28852,17.28722,17.29152,17.28722
2020-05-25 07:43:00,17.28722,17.29272,17.29302,17.28592
2020-05-25 07:44:00,17.29282,17.29452,17.29482,17.29092
2020-05-25 07:45:00,17.29452,17.28915,17.29452,17.28905
2020-05-25 07:46:00,17.28925,17.28945,17.29215,17.28845
2020-05-25 07:47:00,17.28945,17.29252,17.29275,17.28925
2020-05-25 07:48:00,17.29262,17.29542,17.29632,17.29212
2020-05-25 07:49:00,17.29512,17.29342,17.29512,17.29172
2020-05-25 07:50:00,17.29342,17.29065,17.29382,17.29042
2020-05-25 07:51:00,17.29055,17.29122,17.29272,17.29055
2020-05-25 07:52:00,17.29132,17.28522,17.29132,17.28382
2020-05-25 07:53:00,17.28522,17.28222,17.28522,17.28182
2020-05-25 07:54:00,17.28242,17.27982,17.28412,17.27932
2020-05-25 07:55:00,17.28002,17.27802,17.28032,17.27572
2020-05-25 07:56:00,17.27822,17.27802,17.27882,17.27732
2020-05-25 07:57:00,17.27822,17.27972,17.27982,17.27642
2020-05-25 07:58:00,17.27972,17.27792,17.28042,17.27762
2020-05-25 07:59:00,17.27792,17.28122,17.28242,17.27612
2020-05-25 08:00:00,17.28122,17.28275,17.28292,17.28082
2020-05-25 08:01:00,17.28295,17.28365,17.28482,17.28095
2020-05-25 08:02:00,17.28385,17.27555,17.28392,17.27435
2020-05-25 08:03:00,17.27585,17.27975,17.28052,17.27575
2020-05-25 08:04:00,17.27985,17.27155,17.27985,17.27022
2020-05-25 08:05:00,17.27185,17.27282,17.27605,17.26995
2020-05-25 08:06:00,17.27262,17.28452,17.28962,17.26772
2020-05-25 08:07:00,17.28482,17.28912,17.28942,17.28482
2020-05-25 08:08:00,17.28842,17.28282,17.28842,17.28282
2020-05-25 08:09:00,17.28342,17.28242,17.28782,17.28222
2020-05-25 08:10:00,17.28282,17.28382,17.28709,17.28232
2020-05-25 08:11:00,17.28382,17.28162,17.28602,17.28105
2020-05-25 08:12:00,17.28152,17.28312,17.28552,17.28082
2020-05-25 08:13:00,17.28312,17.28102,17.28512,17.27962
2020-05-25 08:14:00,17.28062,17.28542,17.28542,17.28062
2020-05-25 08:15:00,17.28562,17.28732,17.28732,17.28272
2020-05-25 08:16:00,17.28732,17.28162,17.28732,17.27992
2020-05-25 08:17:00,17.28162,17.27882,17.28192,17.27852
2020-05-25 08:18:00,17.27872,17.28132,17.28462,17.27822
2020-05-25 08:19:00,17.28062,17.27675,17.28322,17.27482
2020-05-25 08:20:00,17.27635,17.27902,17.28142,17.27635
2020-05-25 08:21:00,17.27902,17.28042,17.28252,17.27602
2020-05-25 08:22:00,17.27962,17.28152,17.28442,17.27772
2020-05-25 08:23:00,17.28152,17.28622,17.28622,17.28042
2020-05-25 08:24:00,17.28622,17.28082,17.28622,17.27832
2020-05-25 08:25:00,17.28282,17.28262,17.28472,17.28052
2020-05-25 08:26:00,17.28282,17.28332,17.28422,17.28042
2020-05-25 08:27:00,17.28332,17.28282,17.28432,17.28152
2020-05-25 08:28:00,17.28292,17.28222,17.28352,17.28062
2020-05-25 08:29:00,17.28222,17.28422,17.28462,17.28072
2020-05-25 08:30:00,17.28422,17.28552,17.28762,17.28312
2020-05-25 08:31:00,17.28422,17.28752,17.28772,17.28342
2020-05-25 08:32:00,17.28772,17.28322,17.29052,17.28322
2020-05-25 08:33:00,17.28312,17.28582,17.29082,17.28272
2020-05-25 08:34:00,17.28582,17.28612,17.28922,17.28422
2020-05-25 08:35:00,17.28612,17.28782,17.28962,17.28492
2020-05-25 08:36:00,17.28782,17.28792,17.28882,17.28592
2020-05-25 08:37:00,17.28792,17.29382,17.29422,17.28712
2020-05-25 08:38:00,17.29382,17.28982,17.29422,17.28742
2020-05-25 08:39:00,17.29022,17.28912,17.29295,17.28892
2020-05-25 08:40:00,17.28892,17.29102,17.29172,17.28832
2020-05-25 08:41:00,17.29095,17.29072,17.29102,17.28892
2020-05-25 08:42:00,17.29102,17.29472,17.29512,17.28942
2020-05-25 08:43:00,17.29472,17.29645,17.29792,17.29385
2020-05-25 08:44:00,17.29652,17.29445,17.29745,17.29445
2020-05-25 08:45:00,17.29442,17.29475,17.29535,17.29325
2020-05-25 08:46:00,17.29485,17.29435,17.29515,17.29415
2020-05-25 08:47:00,17.29515,17.29505,17.29565,17.29445
2020-05-25 08:48:00,17.29455,17.29255,17.29525,17.29225
2020-05-25 08:49:00,17.29255,17.28805,17.29295,17.28525
2020-05-25 08:50:00,17.28815,17.30095,17.30235,17.28665
2020-05-25 08:51:00,17.30165,17.29012,17.30722,17.29012
2020-05-25 08:52:00,17.28962,17.28752,17.29112,17.28752
2020-05-25 08:53:00,17.28752,17.28882,17.29002,17.28382
2020-05-25 08:54:00,17.28852,17.28615,17.28852,17.28585
2020-05-25 08:55:00,17.28635,17.28552,17.28685,17.28515
2020-05-25 08:56:00,17.28552,17.28862,17.28862,17.28505
2020-05-25 08:57:00,17.28852,17.28992,17.29022,17.28815
2020-05-25 08:58:00,17.29002,17.28972,17.29032,17.28942
2020-05-25 08:59:00,17.28945,17.29282,17.29342,17.28945
2020-05-25 09:00:00,17.29282,17.29745,17.29882,17.29252
2020-05-25 09:01:00,17.29752,17.29725,17.29772,17.29502
2020-05-25 09:02:00,17.29742,17.29575,17.29795,17.29465
2020-05-25 09:03:00,17.29565,17.29815,17.30042,17.29482
2020-05-25 09:04:00,17.29815,17.29865,17.30032,17.29735
2020-05-25 09:05:00,17.29795,17.29845,17.30022,17.29775
2020-05-25 09:06:00,17.29825,17.29875,17.30095,17.29762
2020-05-25 09:07:00,17.29875,17.29835,17.29925,17.29735
2020-05-25 09:08:00,17.29805,17.29905,17.30082,17.29755
2020-05-25 09:09:00,17.29935,17.29685,17.30002,17.29685
2020-05-25 09:10:00,17.29705,17.29565,17.29842,17.29555
2020-05-25 09:11:00,17.29575,17.29575,17.29705,17.29285
2020-05-25 09:12:00,17.29612,17.29795,17.29962,17.29515
2020-05-25 09:13:00,17.29792,17.29635,17.30275,17.29595
2020-05-25 09:14:00,17.29755,17.29745,17.29895,17.29665
2020-05-25 09:15:00,17.29755,17.29875,17.29895,17.29612
2020-05-25 09:16:00,17.29855,17.29785,17.29975,17.29775
2020-05-25 09:17:00,17.29785,17.29872,17.29875,17.29725
2020-05-25 09:18:00,17.29862,17.29992,17.30055,17.29782
2020-05-25 09:19:00,17.29912,17.29702,17.29982,17.29702
2020-05-25 09:20:00,17.29702,17.29842,17.29962,17.29602
2020-05-25 09:21:00,17.29842,17.29722,17.29842,17.29652
2020-05-25 09:22:00,17.29712,17.29502,17.29732,17.29432
2020-05-25 09:23:00,17.29492,17.29672,17.29672,17.29452
2020-05-25 09:24:00,17.29662,17.29732,17.29822,17.29622
2020-05-25 09:25:00,17.29742,17.29592,17.29752,17.29552
2020-05-25 09:26:00,17.29592,17.29692,17.29692,17.29492
2020-05-25 09:27:00,17.29682,17.29492,17.29692,17.29492
2020-05-25 09:28:00,17.29492,17.29392,17.29492,17.29292
2020-05-25 09:29:00,17.29392,17.29122,17.29392,17.29002
2020-05-25 09:30:00,17.29092,17.29062,17.29252,17.28922
2020-05-25 09:31:00,17.29052,17.29192,17.29312,17.28872
2020-05-25 09:32:00,17.29212,17.29542,17.29612,17.29152
2020-05-25 09:33:00,17.29572,17.29642,17.29642,17.29342
2020-05-25 09:34:00,17.29672,17.29462,17.29712,17.29332
2020-05-25 09:35:00,17.29412,17.29552,17.29592,17.29342
2020-05-25 09:36:00,17.29552,17.29342,17.29562,17.29242
2020-05-25 09:37:00,17.29342,17.29322,17.29482,17.29292
2020-05-25 09:38:00,17.29292,17.29292,17.29392,17.29182
2020-05-25 09:39:00,17.29302,17.29272,17.29372,17.29142
2020-05-25 09:40:00,17.29272,17.29392,17.29392,17.29222
2020-05-25 09:41:00,17.29392,17.29432,17.29492,17.29192
2020-05-25 09:42:00,17.29392,17.29482,17.29492,17.29392
2020-05-25 09:43:00,17.29492,17.29772,17.29772,17.29392
2020-05-25 09:44:00,17.29772,17.30292,17.30332,17.29772
2020-05-25 09:45:00,17.30252,17.30612,17.30672,17.30122
2020-05-25 09:46:00,17.30612,17.30582,17.30702,17.30372
2020-05-25 09:47:00,17.30532,17.30682,17.30952,17.30492
2020-05-25 09:48:00,17.30682,17.30445,17.30682,17.30125
2020-05-25 09:49:00,17.30365,17.30655,17.30662,17.30365
2020-05-25 09:50:00,17.30655,17.30592,17.30682,17.30572
2020-05-25 09:51:00,17.30592,17.30395,17.30592,17.30385
2020-05-25 09:52:00,17.30445,17.30405,17.30475,17.30385
2020-05-25 09:53:00,17.30505,17.30532,17.30552,17.30505
2020-05-25 09:54:00,17.30502,17.30842,17.30902,17.30502
2020-05-25 09:55:00,17.30842,17.30632,17.30952,17.30472
2020-05-25 09:56:00,17.30752,17.30512,17.30752,17.30392
2020-05-25 09:57:00,17.30502,17.30445,17.30645,17.30415
2020-05-25 09:58:00,17.30445,17.30855,17.30965,17.30445
2020-05-25 09:59:00,17.30912,17.30992,17.31152,17.30845
2020-05-25 10:00:00,17.30992,17.29315,17.31082,17.29242
2020-05-25 10:01:00,17.29305,17.29405,17.29475,17.29195
2020-05-25 10:02:00,17.29392,17.29945,17.30092,17.29225
2020-05-25 10:03:00,17.29952,17.29582,17.29982,17.29455
2020-05-25 10:04:00,17.29602,17.29402,17.29622,17.29232
2020-05-25 10:05:00,17.29392,17.28792,17.29452,17.28792
2020-05-25 10:06:00,17.28782,17.28332,17.28802,17.28282
2020-05-25 10:07:00,17.28332,17.29452,17.29562,17.27752
2020-05-25 10:08:00,17.29452,17.30122,17.30310,17.29349
2020-05-25 10:09:00,17.30122,17.30172,17.30232,17.29802
2020-05-25 10:10:00,17.30162,17.30002,17.30202,17.29982
2020-05-25 10:11:00,17.30082,17.29892,17.30202,17.29892
2020-05-25 10:12:00,17.29882,17.29972,17.30172,17.29782
2020-05-25 10:13:00,17.29962,17.29972,17.29982,17.29792
2020-05-25 10:14:00,17.29982,17.29975,17.30362,17.29825
2020-05-25 10:15:00,17.29935,17.29935,17.29965,17.29752
2020-05-25 10:16:00,17.29905,17.29542,17.29995,17.29512
2020-05-25 10:17:00,17.29562,17.29495,17.29615,17.29365
2020-05-25 10:18:00,17.29545,17.29495,17.29592,17.29495
2020-05-25 10:19:00,17.29485,17.29235,17.29485,17.29175
2020-05-25 10:20:00,17.29305,17.29195,17.29335,17.29072
2020-05-25 10:21:00,17.29185,17.29752,17.29802,17.29185
2020-05-25 10:22:00,17.29722,17.29562,17.29722,17.29562
2020-05-25 10:23:00,17.29552,17.29612,17.29672,17.29552
2020-05-25 10:24:00,17.29622,17.29632,17.29632,17.29542
2020-05-25 10:25:00,17.29632,17.29442,17.29692,17.29412
2020-05-25 10:26:00,17.29362,17.29402,17.29692,17.29312
2020-05-25 10:27:00,17.29402,17.29312,17.29522,17.29282
2020-05-25 10:28:00,17.29322,17.29192,17.29512,17.29112
2020-05-25 10:29:00,17.29222,17.29182,17.29262,17.28962
2020-05-25 10:30:00,17.29212,17.29372,17.29532,17.29032
2020-05-25 10:31:00,17.29362,17.29292,17.29392,17.29132
2020-05-25 10:32:00,17.29302,17.29922,17.29922,17.29282
2020-05-25 10:33:00,17.29922,17.29822,17.30092,17.29712
2020-05-25 10:34:00,17.29822,17.29962,17.30192,17.29732
2020-05-25 10:35:00,17.29992,17.29622,17.30052,17.29582
2020-05-25 10:36:00,17.29622,17.29412,17.29802,17.29302
2020-05-25 10:37:00,17.29422,17.29492,17.29772,17.29122
2020-05-25 10:38:00,17.29502,17.29522,17.29532,17.29412
2020-05-25 10:39:00,17.29522,17.29602,17.29682,17.29392
2020-05-25 10:40:00,17.29612,17.29482,17.29802,17.29412
2020-05-25 10:41:00,17.29482,17.29682,17.29732,17.29482
2020-05-25 10:42:00,17.29682,17.29572,17.29682,17.29382
2020-05-25 10:43:00,17.29572,17.29552,17.29632,17.29412
2020-05-25 10:44:00,17.29552,17.29682,17.29682,17.29552
2020-05-25 10:45:00,17.29652,17.29332,17.29652,17.29272
2020-05-25 10:46:00,17.29332,17.29232,17.29362,17.28962
2020-05-25 10:47:00,17.29242,17.29072,17.29342,17.28832
2020-05-25 10:48:00,17.29072,17.28882,17.29142,17.28882
2020-05-25 10:49:00,17.28892,17.28832,17.28902,17.28692
2020-05-25 10:50:00,17.28812,17.28932,17.28932,17.28732
2020-05-25 10:51:00,17.28932,17.28752,17.28972,17.28752
2020-05-25 10:52:00,17.28792,17.28252,17.28792,17.28172
2020-05-25 10:53:00,17.28242,17.28122,17.28362,17.27852
2020-05-25 10:54:00,17.28102,17.28112,17.28322,17.28032
2020-05-25 10:55:00,17.28032,17.28172,17.28312,17.27882
2020-05-25 10:56:00,17.28172,17.29032,17.29032,17.27982
2020-05-25 10:57:00,17.29032,17.28535,17.29182,17.28395
2020-05-25 10:58:00,17.28555,17.27985,17.28555,17.27855
2020-05-25 10:59:00,17.27985,17.28425,17.28435,17.27875
2020-05-25 11:00:00,17.28425,17.28422,17.28602,17.28232
2020-05-25 11:01:00,17.28422,17.28262,17.28435,17.28045
2020-05-25 11:02:00,17.28252,17.28132,17.28435,17.28122
2020-05-25 11:03:00,17.28132,17.28432,17.28432,17.28072
2020-05-25 11:04:00,17.28432,17.28532,17.28535,17.28292
2020-05-25 11:05:00,17.28532,17.28802,17.29102,17.28432
2020-05-25 11:06:00,17.28772,17.28212,17.28802,17.28192
2020-05-25 11:07:00,17.28322,17.28145,17.28352,17.27862
2020-05-25 11:08:00,17.28195,17.28132,17.28215,17.27652
2020-05-25 11:09:00,17.28142,17.28125,17.28192,17.27842
2020-05-25 11:10:00,17.28122,17.28335,17.28355,17.28032
2020-05-25 11:11:00,17.28345,17.28262,17.28442,17.28205
2020-05-25 11:12:00,17.28215,17.27865,17.28245,17.27865
2020-05-25 11:13:00,17.27862,17.27795,17.27942,17.27782
2020-05-25 11:14:00,17.27802,17.27975,17.27995,17.27802
2020-05-25 11:15:00,17.27975,17.27865,17.27992,17.27782
2020-05-25 11:16:00,17.27862,17.28055,17.28212,17.27862
2020-05-25 11:17:00,17.28055,17.28155,17.28202,17.28022
2020-05-25 11:18:00,17.28152,17.28085,17.28152,17.28065
2020-05-25 11:19:00,17.28102,17.28225,17.28235,17.28102
2020-05-25 11:20:00,17.28205,17.28092,17.28205,17.28012
2020-05-25 11:21:00,17.28112,17.27625,17.28162,17.27625
2020-05-25 11:22:00,17.27645,17.27705,17.27735,17.27565
2020-05-25 11:23:00,17.27695,17.27735,17.27892,17.27462
2020-05-25 11:24:00,17.27882,17.27922,17.27982,17.27802
2020-05-25 11:25:00,17.27912,17.27862,17.28032,17.27722
2020-05-25 11:26:00,17.27852,17.27652,17.27882,17.27592
2020-05-25 11:27:00,17.27652,17.27732,17.27822,17.27602
2020-05-25 11:28:00,17.27732,17.27512,17.27852,17.27502
2020-05-25 11:29:00,17.27632,17.27322,17.27632,17.27242
2020-05-25 11:30:00,17.27352,17.27472,17.27492,17.27122
2020-05-25 11:31:00,17.27472,17.27892,17.27922,17.27472
2020-05-25 11:32:00,17.27902,17.27862,17.27912,17.27602
2020-05-25 11:33:00,17.27882,17.28075,17.28205,17.27822
2020-05-25 11:34:00,17.28055,17.27592,17.28065,17.27512
2020-05-25 11:35:00,17.27522,17.27922,17.27922,17.27522
2020-05-25 11:36:00,17.27962,17.28052,17.28152,17.27922
2020-05-25 11:37:00,17.28052,17.27942,17.28182,17.27942
2020-05-25 11:38:00,17.27942,17.27572,17.27942,17.27512
2020-05-25 11:39:00,17.27582,17.27712,17.27732,17.27582
2020-05-25 11:40:00,17.27702,17.27472,17.27702,17.27472
2020-05-25 11:41:00,17.27472,17.27992,17.28022,17.27412
2020-05-25 11:42:00,17.28002,17.28132,17.28242,17.28002
2020-05-25 11:43:00,17.28122,17.28085,17.28272,17.28055
2020-05-25 11:44:00,17.28095,17.28142,17.28302,17.28095
2020-05-25 11:45:00,17.28135,17.28102,17.28232,17.27922
2020-05-25 11:46:00,17.28092,17.27962,17.28112,17.27892
2020-05-25 11:47:00,17.27975,17.28112,17.28112,17.27732
2020-05-25 11:48:00,17.28112,17.28385,17.28452,17.28102
2020-05-25 11:49:00,17.28382,17.28405,17.28585,17.28355
2020-05-25 11:50:00,17.28415,17.29075,17.29145,17.28325
2020-05-25 11:51:00,17.29075,17.29022,17.29102,17.28725
2020-05-25 11:52:00,17.29022,17.29082,17.29182,17.28972
2020-05-25 11:53:00,17.29082,17.29232,17.29332,17.29052
2020-05-25 11:54:00,17.29192,17.29662,17.29662,17.29092
2020-05-25 11:55:00,17.29612,17.29652,17.29942,17.29562
2020-05-25 11:56:00,17.29552,17.29312,17.29665,17.29272
2020-05-25 11:57:00,17.29212,17.28352,17.29322,17.28315
2020-05-25 11:58:00,17.28262,17.28602,17.28722,17.28192
2020-05-25 11:59:00,17.28655,17.28802,17.28972,17.28512
2020-05-25 12:00:00,17.28832,17.29182,17.29612,17.28572
2020-05-25 12:01:00,17.29182,17.29422,17.29582,17.29112
2020-05-25 12:02:00,17.29432,17.30002,17.30062,17.29372
2020-05-25 12:03:00,17.30022,17.29552,17.30142,17.29392
2020-05-25 12:04:00,17.29492,17.29292,17.29572,17.29255
2020-05-25 12:05:00,17.29292,17.29832,17.29882,17.29292
2020-05-25 12:06:00,17.29802,17.29662,17.30052,17.29572
2020-05-25 12:07:00,17.29662,17.29432,17.29662,17.29382
2020-05-25 12:08:00,17.29425,17.29712,17.29932,17.29012
2020-05-25 12:09:00,17.29782,17.30012,17.30332,17.29782
2020-05-25 12:10:00,17.30012,17.30122,17.30122,17.29602
2020-05-25 12:11:00,17.30112,17.29892,17.30332,17.29822
2020-05-25 12:12:00,17.29892,17.29572,17.29932,17.29562
2020-05-25 12:13:00,17.29552,17.29192,17.29582,17.29172
2020-05-25 12:14:00,17.29222,17.29105,17.29232,17.29045
2020-05-25 12:15:00,17.29105,17.29325,17.29405,17.29085
2020-05-25 12:16:00,17.29335,17.29295,17.29595,17.29295
2020-05-25 12:17:00,17.29242,17.29045,17.29425,17.28732
2020-05-25 12:18:00,17.29075,17.28945,17.29112,17.28512
2020-05-25 12:19:00,17.28852,17.29215,17.29235,17.28652
2020-05-25 12:20:00,17.29315,17.28962,17.29375,17.28932
2020-05-25 12:21:00,17.28972,17.28672,17.28982,17.28582
2020-05-25 12:22:00,17.28772,17.29082,17.29152,17.28742
2020-05-25 12:23:00,17.29025,17.28962,17.29182,17.28895
2020-05-25 12:24:00,17.28892,17.28352,17.28892,17.28352
2020-05-25 12:25:00,17.28332,17.28382,17.28412,17.28252
2020-05-25 12:26:00,17.28382,17.27832,17.28382,17.27752
2020-05-25 12:27:00,17.27882,17.28185,17.28282,17.27752
2020-05-25 12:28:00,17.28275,17.28282,17.28382,17.28112
2020-05-25 12:29:00,17.28302,17.28452,17.28582,17.28245
2020-05-25 12:30:00,17.28422,17.28605,17.28685,17.28422
2020-05-25 12:31:00,17.28595,17.28272,17.28605,17.28242
2020-05-25 12:32:00,17.28222,17.27972,17.28352,17.27835
2020-05-25 12:33:00,17.27962,17.27972,17.28012,17.27505
2020-05-25 12:34:00,17.28012,17.28285,17.28335,17.27835
2020-05-25 12:35:00,17.28285,17.27992,17.28285,17.27842
2020-05-25 12:36:00,17.27902,17.28195,17.28235,17.27892
2020-05-25 12:37:00,17.28195,17.28265,17.28265,17.28155
2020-05-25 12:38:00,17.28265,17.28285,17.28285,17.28215
2020-05-25 12:39:00,17.28245,17.28285,17.28315,17.28215
2020-05-25 12:40:00,17.28305,17.28345,17.28395,17.28285
2020-05-25 12:41:00,17.28325,17.28592,17.28645,17.28325
2020-05-25 12:42:00,17.28575,17.27932,17.28592,17.27872
2020-05-25 12:43:00,17.27962,17.28002,17.28132,17.27855
2020-05-25 12:44:00,17.28012,17.27852,17.28042,17.27572
2020-05-25 12:45:00,17.27882,17.27882,17.27952,17.27772
2020-05-25 12:46:00,17.27862,17.27842,17.27892,17.27732
2020-05-25 12:47:00,17.27842,17.27942,17.27992,17.27832
2020-05-25 12:48:00,17.27942,17.28002,17.28022,17.27812
2020-05-25 12:49:00,17.28002,17.28162,17.28162,17.27952
2020-05-25 12:50:00,17.28252,17.28182,17.28322,17.28172
2020-05-25 12:51:00,17.28212,17.28272,17.28272,17.28132
2020-05-25 12:52:00,17.28252,17.28485,17.28512,17.28242
2020-05-25 12:53:00,17.28505,17.28635,17.28675,17.28495
2020-05-25 12:54:00,17.28595,17.28685,17.28732,17.28595
2020-05-25 12:55:00,17.28675,17.28555,17.28762,17.28555
2020-05-25 12:56:00,17.28472,17.28412,17.28472,17.28135
2020-05-25 12:57:00,17.28342,17.28485,17.28512,17.28232
2020-05-25 12:58:00,17.28505,17.28635,17.28635,17.28485
2020-05-25 12:59:00,17.28615,17.28595,17.28675,17.28342
2020-05-25 13:00:00,17.28652,17.28262,17.28772,17.28152
2020-05-25 13:01:00,17.28255,17.28142,17.28565,17.28085
2020-05-25 13:02:00,17.28095,17.28335,17.28425,17.27862
2020-05-25 13:03:00,17.28325,17.28232,17.28405,17.27992
2020-05-25 13:04:00,17.28312,17.28012,17.28445,17.27915
2020-05-25 13:05:00,17.28042,17.27532,17.28082,17.27322
2020-05-25 13:06:00,17.27525,17.27215,17.27615,17.26722
2020-05-25 13:07:00,17.27195,17.27362,17.27815,17.27195
2020-05-25 13:08:00,17.27272,17.27052,17.27272,17.26862
2020-05-25 13:09:00,17.27052,17.27232,17.27572,17.26862
2020-05-25 13:10:00,17.27232,17.27172,17.27422,17.26992
2020-05-25 13:11:00,17.27165,17.27055,17.27392,17.27035
2020-05-25 13:12:00,17.27025,17.27055,17.27235,17.26895
2020-05-25 13:13:00,17.27025,17.27165,17.27205,17.26825
2020-05-25 13:14:00,17.27145,17.27055,17.27325,17.26935
2020-05-25 13:15:00,17.27055,17.27355,17.27482,17.27045
2020-05-25 13:16:00,17.27365,17.27365,17.27635,17.27215
2020-05-25 13:17:00,17.27435,17.27122,17.27455,17.27062
2020-05-25 13:18:00,17.27192,17.27322,17.27392,17.27192
2020-05-25 13:19:00,17.27302,17.27032,17.27312,17.27032
2020-05-25 13:20:00,17.27112,17.27132,17.27222,17.27042
2020-05-25 13:21:00,17.27122,17.27645,17.27702,17.27045
2020-05-25 13:22:00,17.27712,17.27602,17.28065,17.27512
2020-05-25 13:23:00,17.27512,17.27542,17.27672,17.27512
2020-05-25 13:24:00,17.27542,17.27592,17.27632,17.27442
2020-05-25 13:25:00,17.27542,17.27772,17.27782,17.27462
2020-05-25 13:26:00,17.27772,17.28152,17.28232,17.27732
2020-05-25 13:27:00,17.28122,17.28102,17.28172,17.27982
2020-05-25 13:28:00,17.28082,17.27712,17.28082,17.27692
2020-05-25 13:29:00,17.27772,17.28222,17.28232,17.27702
2020-05-25 13:30:00,17.28232,17.27800,17.28292,17.27800
2020-05-25 13:31:00,17.27712,17.27122,17.27752,17.27122
2020-05-25 13:32:00,17.27122,17.27162,17.27164,17.26909
2020-05-25 13:33:00,17.27132,17.26702,17.27132,17.26462
2020-05-25 13:34:00,17.26682,17.26562,17.27102,17.26112
2020-05-25 13:35:00,17.26622,17.26562,17.26742,17.26142
2020-05-25 13:36:00,17.26542,17.27912,17.28152,17.26415
2020-05-25 13:37:00,17.27882,17.27497,17.27882,17.27389
2020-05-25 13:38:00,17.27527,17.24562,17.27600,17.22592
2020-05-25 13:39:00,17.24432,17.23962,17.24502,17.21802
2020-05-25 13:40:00,17.24012,17.24882,17.25282,17.23482
2020-05-25 13:41:00,17.24915,17.24325,17.24972,17.24122
2020-05-25 13:42:00,17.24345,17.24712,17.24975,17.23952
2020-05-25 13:43:00,17.24682,17.25655,17.25815,17.24675
2020-05-25 13:44:00,17.25632,17.25535,17.25755,17.24985
2020-05-25 13:45:00,17.25535,17.25155,17.25535,17.24785
2020-05-25 13:46:00,17.25155,17.25282,17.25692,17.25045
2020-05-25 13:47:00,17.25322,17.25372,17.25532,17.25242
2020-05-25 13:48:00,17.25292,17.26132,17.26275,17.25192
2020-05-25 13:49:00,17.26042,17.26915,17.26965,17.25962
2020-05-25 13:50:00,17.26745,17.26354,17.26945,17.26200
2020-05-25 13:51:00,17.26242,17.26025,17.26365,17.25985
2020-05-25 13:52:00,17.26035,17.26200,17.26245,17.25985
2020-05-25 13:53:00,17.26155,17.26342,17.26595,17.26155
2020-05-25 13:54:00,17.26342,17.26265,17.26402,17.26155
2020-05-25 13:55:00,17.26265,17.26212,17.26305,17.25722
2020-05-25 13:56:00,17.26262,17.26665,17.26835,17.26015
2020-05-25 13:57:00,17.26645,17.27212,17.27482,17.26595
2020-05-25 13:58:00,17.27212,17.26725,17.27212,17.26445
2020-05-25 13:59:00,17.26775,17.26405,17.26805,17.26365
2020-05-25 14:00:00,17.26425,17.26805,17.26995,17.26425
2020-05-25 14:01:00,17.26805,17.26495,17.26805,17.26485
2020-05-25 14:02:00,17.26525,17.26795,17.26795,17.26452
2020-05-25 14:03:00,17.26852,17.26312,17.26852,17.26252
2020-05-25 14:04:00,17.26312,17.26235,17.26502,17.26122
2020-05-25 14:05:00,17.26265,17.27302,17.27642,17.26052
2020-05-25 14:06:00,17.27312,17.27122,17.27442,17.26932
2020-05-25 14:07:00,17.27122,17.26932,17.27192,17.26592
2020-05-25 14:08:00,17.26932,17.27362,17.27362,17.26932
2020-05-25 14:09:00,17.27312,17.27262,17.27512,17.27012
2020-05-25 14:10:00,17.27262,17.27382,17.27415,17.27062
2020-05-25 14:11:00,17.27385,17.27042,17.27565,17.26872
2020-05-25 14:12:00,17.27012,17.26672,17.27112,17.26632
2020-05-25 14:13:00,17.26772,17.26522,17.26982,17.26492
2020-05-25 14:14:00,17.26522,17.27022,17.27222,17.26502
2020-05-25 14:15:00,17.27042,17.26992,17.27252,17.26602
2020-05-25 14:16:00,17.26992,17.30995,17.31252,17.26882
2020-05-25 14:17:00,17.30945,17.29952,17.30945,17.29662
2020-05-25 14:18:00,17.30022,17.29862,17.30502,17.29682
2020-05-25 14:19:00,17.29832,17.29932,17.30082,17.29612
2020-05-25 14:20:00,17.29912,17.30812,17.30862,17.29602
2020-05-25 14:21:00,17.30852,17.30962,17.31375,17.30472
2020-05-25 14:22:00,17.30905,17.29932,17.31042,17.29762
2020-05-25 14:23:00,17.29882,17.28745,17.29882,17.28522
2020-05-25 14:24:00,17.28745,17.27515,17.29122,17.27485
2020-05-25 14:25:00,17.27515,17.27692,17.28035,17.27465
2020-05-25 14:26:00,17.27692,17.27572,17.27792,17.27482
2020-05-25 14:27:00,17.27572,17.27792,17.28292,17.27572
2020-05-25 14:28:00,17.27802,17.27842,17.28122,17.27722
2020-05-25 14:29:00,17.27822,17.27822,17.28012,17.27712
2020-05-25 14:30:00,17.27842,17.27862,17.27952,17.27692
2020-05-25 14:31:00,17.27832,17.27372,17.28182,17.27012
2020-05-25 14:32:00,17.27372,17.27172,17.27542,17.26932
2020-05-25 14:33:00,17.27182,17.27372,17.27482,17.27142
2020-05-25 14:34:00,17.27372,17.26622,17.27595,17.26622
2020-05-25 14:35:00,17.26672,17.27222,17.27462,17.26612
2020-05-25 14:36:00,17.27222,17.27882,17.27882,17.27222
2020-05-25 14:37:00,17.27882,17.27872,17.28062,17.27432
2020-05-25 14:38:00,17.27912,17.28172,17.28242,17.27912
2020-05-25 14:39:00,17.28172,17.29022,17.29072,17.28142
2020-05-25 14:40:00,17.29012,17.29342,17.29502,17.28972
2020-05-25 14:41:00,17.29342,17.29322,17.29352,17.28782
2020-05-25 14:42:00,17.29322,17.30392,17.30542,17.29082
2020-05-25 14:43:00,17.30392,17.30572,17.30712,17.29662
2020-05-25 14:44:00,17.30572,17.29982,17.30662,17.29982
2020-05-25 14:45:00,17.29982,17.29742,17.30192,17.29742
2020-05-25 14:46:00,17.29742,17.29612,17.29762,17.29572
2020-05-25 14:47:00,17.29612,17.29572,17.29782,17.29512
2020-05-25 14:48:00,17.29572,17.29942,17.30052,17.29532
2020-05-25 14:49:00,17.29942,17.30292,17.30472,17.29842
2020-05-25 14:50:00,17.30202,17.30402,17.30552,17.30162
2020-05-25 14:51:00,17.30402,17.30172,17.30402,17.30032
2020-05-25 14:52:00,17.30172,17.30472,17.30762,17.30132
2020-05-25 14:53:00,17.30472,17.30952,17.31132,17.30412
2020-05-25 14:54:00,17.30952,17.33155,17.33662,17.30932
2020-05-25 14:55:00,17.33155,17.32805,17.33345,17.32535
2020-05-25 14:56:00,17.33022,17.32805,17.33175,17.32535
2020-05-25 14:57:00,17.32805,17.32565,17.33242,17.32565
2020-05-25 14:58:00,17.32625,17.32225,17.32755,17.32205
2020-05-25 14:59:00,17.32205,17.32635,17.32815,17.32135
2020-05-25 15:00:00,17.32595,17.32525,17.33095,17.32285
2020-05-25 15:01:00,17.32495,17.32785,17.33082,17.32425
2020-05-25 15:02:00,17.32795,17.32265,17.32805,17.32225
2020-05-25 15:03:00,17.32285,17.32285,17.32465,17.32145
2020-05-25 15:04:00,17.32285,17.31815,17.32355,17.31795
2020-05-25 15:05:00,17.31825,17.31475,17.31925,17.31465
2020-05-25 15:06:00,17.31505,17.31455,17.31705,17.31455
2020-05-25 15:07:00,17.31475,17.31505,17.31865,17.31305
2020-05-25 15:08:00,17.31505,17.31805,17.31875,17.31365
2020-05-25 15:09:00,17.31805,17.31685,17.32095,17.31625
2020-05-25 15:10:00,17.31675,17.31695,17.31765,17.31665
2020-05-25 15:11:00,17.31745,17.31955,17.31965,17.31745
2020-05-25 15:12:00,17.31955,17.31935,17.31965,17.31765
2020-05-25 15:13:00,17.31935,17.31545,17.32115,17.31515
2020-05-25 15:14:00,17.31545,17.31485,17.31545,17.31365
2020-05-25 15:15:00,17.31485,17.31515,17.31595,17.31275
2020-05-25 15:16:00,17.31575,17.31595,17.31875,17.31505
2020-05-25 15:17:00,17.31575,17.31465,17.31875,17.31465
2020-05-25 15:18:00,17.31415,17.31315,17.31525,17.31255
2020-05-25 15:19:00,17.31285,17.31235,17.31335,17.31125
2020-05-25 15:20:00,17.31245,17.31285,17.31745,17.31195
2020-05-25 15:21:00,17.31265,17.31245,17.31535,17.31245
2020-05-25 15:22:00,17.31195,17.31135,17.31245,17.30885
2020-05-25 15:23:00,17.31125,17.31305,17.31565,17.30995
2020-05-25 15:24:00,17.31345,17.31375,17.31665,17.31315
2020-05-25 15:25:00,17.31445,17.31355,17.31505,17.31225
2020-05-25 15:26:00,17.31335,17.31545,17.31605,17.31335
2020-05-25 15:27:00,17.31565,17.31485,17.31605,17.31375
2020-05-25 15:28:00,17.31475,17.31485,17.31665,17.31405
2020-05-25 15:29:00,17.31475,17.31535,17.31605,17.31335
2020-05-25 15:30:00,17.31565,17.31435,17.31585,17.31385
2020-05-25 15:31:00,17.31435,17.31605,17.31665,17.31375
2020-05-25 15:32:00,17.31585,17.31475,17.31705,17.31465
2020-05-25 15:33:00,17.31545,17.31295,17.31665,17.31275
2020-05-25 15:34:00,17.31275,17.31225,17.31305,17.31095
2020-05-25 15:35:00,17.31225,17.31085,17.31365,17.30925
2020-05-25 15:36:00,17.31085,17.31055,17.31215,17.31015
2020-05-25 15:37:00,17.31085,17.31095,17.31205,17.30855
2020-05-25 15:38:00,17.31095,17.30995,17.31245,17.30995
2020-05-25 15:39:00,17.31005,17.31425,17.31445,17.31005
2020-05-25 15:40:00,17.31405,17.31215,17.31445,17.31145
2020-05-25 15:41:00,17.31215,17.31405,17.31435,17.31135
2020-05-25 15:42:00,17.31385,17.31145,17.31405,17.31125
2020-05-25 15:43:00,17.31185,17.31125,17.31315,17.31035
2020-05-25 15:44:00,17.31155,17.31215,17.31265,17.31065
2020-05-25 15:45:00,17.31215,17.31055,17.31245,17.31055
2020-05-25 15:46:00,17.31095,17.31155,17.31215,17.30935
2020-05-25 15:47:00,17.31155,17.30455,17.31932,17.30445
2020-05-25 15:48:00,17.30455,17.29635,17.30455,17.29605
2020-05-25 15:49:00,17.29625,17.29669,17.29695,17.29605
2020-05-25 15:50:00,17.29665,17.29815,17.29825,17.29665
2020-05-25 15:51:00,17.29835,17.29795,17.29992,17.29715
2020-05-25 15:52:00,17.29775,17.29715,17.30092,17.29695
2020-05-25 15:53:00,17.29768,17.29595,17.29862,17.29422
2020-05-25 15:54:00,17.29582,17.29605,17.29685,17.29452
2020-05-25 15:55:00,17.29652,17.29602,17.29652,17.29252
2020-05-25 15:56:00,17.29522,17.29502,17.29602,17.29402
2020-05-25 15:57:00,17.29422,17.29512,17.29552,17.29402
2020-05-25 15:58:00,17.29512,17.29542,17.29642,17.29494
2020-05-25 15:59:00,17.29552,17.29772,17.29842,17.29542
2020-05-25 16:00:00,17.29842,17.30132,17.30242,17.29742
2020-05-25 16:01:00,17.30132,17.29832,17.30132,17.29832
2020-05-25 16:02:00,17.29832,17.29992,17.29992,17.29832
2020-05-25 16:03:00,17.29992,17.30052,17.30052,17.29912
2020-05-25 16:04:00,17.30022,17.29645,17.30172,17.29635
2020-05-25 16:05:00,17.29625,17.30035,17.30145,17.29615
2020-05-25 16:06:00,17.30015,17.30095,17.30215,17.29935
2020-05-25 16:07:00,17.30055,17.30115,17.30272,17.29755
2020-05-25 16:08:00,17.29955,17.29085,17.30112,17.29075
2020-05-25 16:09:00,17.29085,17.28362,17.29382,17.28232
2020-05-25 16:10:00,17.28302,17.28722,17.28922,17.28302
2020-05-25 16:11:00,17.28712,17.28932,17.29152,17.28462
2020-05-25 16:12:00,17.28952,17.28922,17.29132,17.28842
2020-05-25 16:13:00,17.28962,17.28932,17.29022,17.28842
2020-05-25 16:14:00,17.28912,17.28822,17.28992,17.28772
2020-05-25 16:15:00,17.28822,17.28962,17.29002,17.28822
2020-05-25 16:16:00,17.29012,17.28942,17.29152,17.28902
2020-05-25 16:17:00,17.28932,17.28832,17.28952,17.28762
2020-05-25 16:18:00,17.28812,17.28912,17.29002,17.28802
2020-05-25 16:19:00,17.28882,17.28632,17.28912,17.28522
2020-05-25 16:20:00,17.28602,17.28762,17.28762,17.28602
2020-05-25 16:21:00,17.28772,17.28802,17.28822,17.28722
2020-05-25 16:22:00,17.28812,17.28782,17.28842,17.28732
2020-05-25 16:23:00,17.28772,17.28772,17.28782,17.28622
2020-05-25 16:24:00,17.28762,17.29042,17.29042,17.28732
2020-05-25 16:25:00,17.29082,17.28992,17.29102,17.28922
2020-05-25 16:26:00,17.28982,17.29092,17.29092,17.28922
2020-05-25 16:27:00,17.29092,17.29012,17.29102,17.29012
2020-05-25 16:28:00,17.29072,17.29092,17.29152,17.29022
2020-05-25 16:29:00,17.29112,17.28942,17.29112,17.28902
2020-05-25 16:30:00,17.28962,17.29422,17.29492,17.28872
2020-05-25 16:31:00,17.29452,17.29742,17.30082,17.29452
2020-05-25 16:32:00,17.29742,17.29852,17.29862,17.29672
2020-05-25 16:33:00,17.29862,17.29992,17.29992,17.29792
2020-05-25 16:34:00,17.30032,17.30102,17.30102,17.30022
2020-05-25 16:35:00,17.30102,17.30062,17.30342,17.30062
2020-05-25 16:36:00,17.30042,17.30682,17.30692,17.30002
2020-05-25 16:37:00,17.30682,17.30262,17.30822,17.30122
2020-05-25 16:38:00,17.30262,17.30372,17.30402,17.30222
2020-05-25 16:39:00,17.30352,17.30352,17.30432,17.30332
2020-05-25 16:40:00,17.30442,17.30582,17.30612,17.30032
2020-05-25 16:41:00,17.30582,17.29315,17.30602,17.29165
2020-05-25 16:42:00,17.29255,17.29225,17.29265,17.29185
2020-05-25 16:43:00,17.29245,17.29515,17.29545,17.29195
2020-05-25 16:44:00,17.29575,17.29572,17.29622,17.29295
2020-05-25 16:45:00,17.29602,17.29482,17.29822,17.29482
2020-05-25 16:46:00,17.29482,17.30242,17.30242,17.29482
2020-05-25 16:47:00,17.30092,17.29342,17.30092,17.29292
2020-05-25 16:48:00,17.29342,17.29202,17.29432,17.28882
2020-05-25 16:49:00,17.29175,17.29392,17.29612,17.29175
2020-05-25 16:50:00,17.29392,17.28732,17.29632,17.28672
2020-05-25 16:51:00,17.28692,17.28732,17.29345,17.28592
2020-05-25 16:52:00,17.28732,17.29042,17.29042,17.28732
2020-05-25 16:53:00,17.29042,17.28892,17.29192,17.28892
2020-05-25 16:54:00,17.28892,17.28812,17.28892,17.28482
2020-05-25 16:55:00,17.28812,17.29292,17.29735,17.28292
2020-05-25 16:56:00,17.29422,17.29422,17.30245,17.29272
2020-05-25 16:57:00,17.29422,17.29422,17.29422,17.29422
2020-05-25 16:58:00,17.29422,17.29422,17.30075,17.29422
2020-05-25 16:59:00,17.29422,17.29422,17.29422,17.29422
2020-05-25 17:00:00,17.29912,17.29772,17.29942,17.28682
2020-05-25 17:01:00,17.29772,17.28445,17.29892,17.27612
2020-05-25 17:02:00,17.28445,17.27672,17.28542,17.26642
2020-05-25 17:03:00,17.27672,17.27212,17.27762,17.27212
2020-05-25 17:04:00,17.27212,17.27202,17.27372,17.27132
2020-05-25 17:05:00,17.27202,17.27862,17.27932,17.27012
2020-05-25 17:06:00,17.27862,17.27692,17.27872,17.27362
2020-05-25 17:07:00,17.27422,17.27692,17.27752,17.27292
2020-05-25 17:08:00,17.27692,17.27592,17.27802,17.27592
2020-05-25 17:09:00,17.27612,17.27832,17.27832,17.27515
2020-05-25 17:10:00,17.27852,17.27872,17.28192,17.27842
2020-05-25 17:11:00,17.27892,17.27332,17.27892,17.27232
2020-05-25 17:12:00,17.27342,17.27362,17.27462,17.27302
2020-05-25 17:13:00,17.27392,17.27742,17.27742,17.27242
2020-05-25 17:14:00,17.27672,17.27422,17.27672,17.27412
2020-05-25 17:15:00,17.27442,17.26632,17.27502,17.26215
2020-05-25 17:16:00,17.26512,17.26755,17.27062,17.26512
2020-05-25 17:17:00,17.26755,17.26935,17.27552,17.26685
2020-05-25 17:18:00,17.26955,17.27035,17.27512,17.26515
2020-05-25 17:19:00,17.27045,17.26665,17.27055,17.26665
2020-05-25 17:20:00,17.26625,17.26825,17.27182,17.26565
2020-05-25 17:21:00,17.26825,17.26675,17.26825,17.26555
2020-05-25 17:22:00,17.26655,17.26495,17.26835,17.26445
2020-05-25 17:23:00,17.26495,17.26435,17.26695,17.26415
2020-05-25 17:24:00,17.26425,17.26335,17.26445,17.26305
2020-05-25 17:25:00,17.26325,17.25945,17.26335,17.25905
2020-05-25 17:26:00,17.25935,17.26375,17.26395,17.25935
2020-05-25 17:27:00,17.26195,17.26475,17.26555,17.26175
2020-05-25 17:28:00,17.26495,17.26445,17.26555,17.26145
2020-05-25 17:29:00,17.26385,17.26622,17.26632,17.26155
2020-05-25 17:30:00,17.26535,17.26445,17.26565,17.26445
2020-05-25 17:31:00,17.26482,17.26545,17.26642,17.26435
2020-05-25 17:32:00,17.26535,17.26435,17.26545,17.26375
2020-05-25 17:33:00,17.26425,17.26695,17.26705,17.26415
2020-05-25 17:34:00,17.26675,17.26715,17.26745,17.26675
2020-05-25 17:35:00,17.26745,17.26795,17.26805,17.26695
2020-05-25 17:36:00,17.26795,17.26965,17.26965,17.26785
2020-05-25 17:37:00,17.26965,17.27005,17.27055,17.26845
2020-05-25 17:38:00,17.27005,17.27005,17.27035,17.26945
2020-05-25 17:39:00,17.26995,17.26985,17.27095,17.26925
2020-05-25 17:40:00,17.26985,17.26975,17.26985,17.26965
2020-05-25 17:41:00,17.26995,17.27195,17.27195,17.26995
2020-05-25 17:42:00,17.27215,17.27255,17.27275,17.27215
2020-05-25 17:43:00,17.27235,17.27325,17.27325,17.27095
2020-05-25 17:44:00,17.27325,17.27345,17.27355,17.27325
2020-05-25 17:45:00,17.27335,17.27422,17.27422,17.27335
2020-05-25 17:46:00,17.27422,17.27415,17.27422,17.27415
2020-05-25 17:47:00,17.27405,17.27375,17.27405,17.27375
2020-05-25 17:48:00,17.27405,17.27405,17.27405,17.27395
2020-05-25 17:49:00,17.27385,17.27385,17.27422,17.27385
2020-05-25 17:50:00,17.27375,17.27202,17.27422,17.27202
2020-05-25 17:51:00,17.27202,17.27335,17.27335,17.27122
2020-05-25 17:52:00,17.27315,17.27422,17.27422,17.27315
2020-05-25 17:53:00,17.27422,17.27342,17.27422,17.27342
2020-05-25 17:54:00,17.27235,17.27085,17.27325,17.27055
2020-05-25 17:55:00,17.27095,17.26925,17.27095,17.26925
2020-05-25 17:56:00,17.26925,17.27135,17.27145,17.26925
2020-05-25 17:57:00,17.27115,17.27005,17.27115,17.26965
2020-05-25 17:58:00,17.27272,17.27442,17.27482,17.27172
2020-05-25 17:59:00,17.27372,17.27432,17.27442,17.27372
2020-05-25 18:00:00,17.27452,17.27502,17.27502,17.27452
2020-05-25 18:01:00,17.27502,17.27322,17.27502,17.27312
2020-05-25 18:02:00,17.27332,17.27312,17.27362,17.27272
2020-05-25 18:03:00,17.27322,17.27432,17.27432,17.27262
2020-05-25 18:04:00,17.27432,17.27432,17.27572,17.27432
2020-05-25 18:05:00,17.27402,17.27502,17.27502,17.27382
2020-05-25 18:06:00,17.27502,17.27452,17.27592,17.27452
2020-05-25 18:07:00,17.27452,17.27502,17.27502,17.27452
2020-05-25 18:08:00,17.27502,17.27992,17.27992,17.27502
2020-05-25 18:09:00,17.27982,17.27982,17.27992,17.27922
2020-05-25 18:10:00,17.27992,17.27992,17.27992,17.27985
2020-05-25 18:11:00,17.28152,17.28172,17.28172,17.28055
2020-05-25 18:12:00,17.28172,17.28172,17.28172,17.28085
2020-05-25 18:13:00,17.28172,17.28172,17.28172,17.28172
2020-05-25 18:14:00,17.28172,17.28102,17.28172,17.28102
2020-05-25 18:15:00,17.28102,17.28102,17.28102,17.28102
2020-05-25 18:16:00,17.28102,17.28102,17.28102,17.28102
2020-05-25 18:17:00,17.28095,17.28102,17.28102,17.27815
2020-05-25 18:18:00,17.28102,17.28172,17.28172,17.28005
2020-05-25 18:19:00,17.28222,17.28322,17.28412,17.28192
2020-05-25 18:20:00,17.28322,17.28295,17.28412,17.28225
2020-05-25 18:21:00,17.28305,17.27032,17.28322,17.26685
2020-05-25 18:22:00,17.27042,17.26745,17.27042,17.26552
2020-05-25 18:23:00,17.26745,17.26735,17.26755,17.26615
2020-05-25 18:24:00,17.26725,17.26505,17.26735,17.26475
2020-05-25 18:25:00,17.26515,17.26665,17.26685,17.26515
2020-05-25 18:26:00,17.26655,17.26632,17.26705,17.26535
2020-05-25 18:27:00,17.26662,17.26695,17.26725,17.26465
2020-05-25 18:28:00,17.26695,17.26652,17.26785,17.26602
2020-05-25 18:29:00,17.26695,17.26552,17.26775,17.26502
2020-05-25 18:30:00,17.26552,17.26755,17.26775,17.26262
2020-05-25 18:31:00,17.26722,17.26682,17.26755,17.26642
2020-05-25 18:32:00,17.26555,17.26685,17.26725,17.26555
2020-05-25 18:33:00,17.26705,17.26705,17.26705,17.26545
2020-05-25 18:34:00,17.26685,17.26675,17.26685,17.26675
2020-05-25 18:35:00,17.26625,17.26462,17.26675,17.26322
2020-05-25 18:36:00,17.26422,17.26532,17.26612,17.26312
2020-05-25 18:37:00,17.26542,17.26572,17.26655,17.26475
2020-05-25 18:38:00,17.26582,17.26592,17.26652,17.26562
2020-05-25 18:39:00,17.26612,17.26532,17.26642,17.26532
2020-05-25 18:40:00,17.26582,17.26582,17.26652,17.26582
2020-05-25 18:41:00,17.26582,17.26512,17.26632,17.26512
2020-05-25 18:42:00,17.26482,17.26662,17.26662,17.26452
2020-05-25 18:43:00,17.26612,17.26692,17.26692,17.26532
2020-05-25 18:44:00,17.26692,17.26692,17.26702,17.26605
2020-05-25 18:45:00,17.26615,17.26692,17.26795,17.26595
2020-05-25 18:46:00,17.26625,17.26642,17.26692,17.26605
2020-05-25 18:47:00,17.26582,17.26692,17.26692,17.26532
2020-05-25 18:48:00,17.26692,17.26672,17.26692,17.26615
2020-05-25 18:49:00,17.26692,17.26692,17.26692,17.26232
2020-05-25 18:50:00,17.26685,17.26675,17.26692,17.26595
2020-05-25 18:51:00,17.26655,17.26625,17.26692,17.26615
2020-05-25 18:52:00,17.26625,17.26615,17.26655,17.26545
2020-05-25 18:53:00,17.26645,17.26995,17.27032,17.26575
2020-05-25 18:54:00,17.26975,17.27032,17.27032,17.26915
2020-05-25 18:55:00,17.27032,17.27015,17.27032,17.26995
2020-05-25 18:56:00,17.27015,17.27032,17.27032,17.26985
2020-05-25 18:57:00,17.27032,17.27005,17.27032,17.26975
2020-05-25 18:58:00,17.26995,17.27032,17.27032,17.26985
2020-05-25 18:59:00,17.27032,17.27032,17.27032,17.27032
